Unnamed: 0,name,album,year,dance,acoustic,energy,instrumental,liveness,loudness,speech,tempo,valence,popularity
42.0,Members Only (feat. PARTYNEXTDOOR),For All The Dogs,2023.0,0.647,0.245,0.34,0.0,0.107,-8.795,0.0496,91.998,0.176,78
43.0,What Would Pluto Do,For All The Dogs,2023.0,0.832,0.0506,0.555,0.0,0.213,-7.766,0.116,95.618,0.473,78
44.0,All The Parties (feat. Chief Keef),For All The Dogs,2023.0,0.65,0.552,0.405,0.0,0.107,-10.156,0.199,124.747,0.195,76
45.0,8am in Charlotte,For All The Dogs,2023.0,0.567,0.643,0.682,0.0,0.512,-6.423,0.274,79.043,0.668,80
46.0,BBL Love - Interlude,For All The Dogs,2023.0,0.502,0.845,0.391,0.0,0.112,-9.013,0.0428,132.819,0.574,72
47.0,Gently (feat. Bad Bunny),For All The Dogs,2023.0,0.868,0.0479,0.407,0.000111,0.139,-7.735,0.295,107.524,0.255,83
48.0,Rich Baby Daddy (feat. Sexyy Red & SZA),For All The Dogs,2023.0,0.645,0.0377,0.729,0.0,0.384,-4.56,0.0528,146.01,0.142,88
49.0,Another Late Night (feat. Lil Yachty),For All The Dogs,2023.0,0.684,0.0347,0.541,0.0,0.138,-8.04,0.0483,158.046,0.214,78
50.0,Away From Home,For All The Dogs,2023.0,0.848,0.0195,0.625,0.0,0.109,-7.64,0.0587,93.019,0.226,75
51.0,Polar Opposites,For All The Dogs,2023.0,0.44,0.0924,0.274,3.37e-06,0.128,-14.464,0.0809,76.513,0.343,75
52.0,Rich Flex,Her Loss,2022.0,0.561,0.0503,0.52,1.86e-06,0.355,-9.342,0.244,153.15,0.424,87
53.0,Major Distribution,Her Loss,2022.0,0.908,0.0127,0.546,0.0,0.0707,-10.491,0.323,131.016,0.225,75
54.0,On BS,Her Loss,2022.0,0.841,0.0201,0.358,0.0,0.39,-8.368,0.591,158.014,0.329,79
55.0,BackOutsideBoyz,Her Loss,2022.0,0.849,0.0407,0.433,0.0,0.388,-8.434,0.316,142.11,0.395,71
56.0,Privileged Rappers,Her Loss,2022.0,0.934,0.00274,0.614,0.0,0.123,-7.384,0.198,144.045,0.616,76
57.0,Spin Bout U,Her Loss,2022.0,0.773,0.01,0.701,0.0,0.163,-6.386,0.0512,129.963,0.203,83
58.0,Hours In Silence,Her Loss,2022.0,0.501,0.234,0.403,0.0,0.267,-11.106,0.119,118.352,0.111,77
59.0,Treacherous Twins,Her Loss,2022.0,0.746,0.0782,0.517,0.0,0.137,-7.582,0.327,88.987,0.609,69
60.0,Circo Loco,Her Loss,2022.0,0.734,0.0102,0.605,0.0,0.317,-8.476,0.0699,103.976,0.252,76
61.0,Pussy & Millions (feat. Travis Scott),Her Loss,2022.0,0.749,0.0623,0.63,0.0,0.353,-6.652,0.116,122.03,0.445,79
62.0,Broke Boys,Her Loss,2022.0,0.642,0.0104,0.533,0.000108,0.251,-7.45,0.266,120.041,0.112,73
63.0,Middle of the Ocean,Her Loss,2022.0,0.466,0.18,0.703,0.0,0.422,-5.774,0.393,76.815,0.25,68
64.0,Jumbotron Shit Poppin,Her Loss,2022.0,0.799,0.221,0.575,0.0,0.196,-6.257,0.282,99.026,0.319,75
65.0,More M’s,Her Loss,2022.0,0.704,0.0405,0.504,0.000422,0.139,-6.749,0.223,82.537,0.0713,72
66.0,3AM on Glenwood,Her Loss,2022.0,0.475,0.0533,0.692,6.49e-06,0.18,-8.327,0.398,181.167,0.241,63
67.0,I Guess It’s Fuck Me,Her Loss,2022.0,0.385,0.499,0.34,1.2e-05,0.196,-11.754,0.051,83.947,0.0398,67
68.0,Intro,"Honestly, Nevermind",2022.0,0.193,0.955,0.0218,0.88,0.117,-31.16,0.0389,125.501,0.213,57
69.0,Falling Back,"Honestly, Nevermind",2022.0,0.718,0.238,0.758,0.00653,0.11,-8.29,0.0703,118.989,0.349,63
70.0,Texts Go Green,"Honestly, Nevermind",2022.0,0.765,0.000916,0.627,0.195,0.0847,-4.607,0.0622,118.997,0.536,64
71.0,Currents,"Honestly, Nevermind",2022.0,0.883,0.104,0.283,0.00167,0.0935,-12.653,0.113,122.013,0.416,64
72.0,A Keeper,"Honestly, Nevermind",2022.0,0.6,0.512,0.482,0.000104,0.115,-11.596,0.0701,121.909,0.323,68
73.0,Calling My Name,"Honestly, Nevermind",2022.0,0.826,0.62,0.276,8.53e-05,0.118,-11.227,0.266,123.985,0.484,63
74.0,Sticky,"Honestly, Nevermind",2022.0,0.853,0.0917,0.495,0.000217,0.0844,-14.63,0.14,137.027,0.0774,77
75.0,Massive,"Honestly, Nevermind",2022.0,0.499,0.114,0.671,0.0169,0.148,-6.774,0.0561,124.994,0.0557,72
76.0,Flight's Booked,"Honestly, Nevermind",2022.0,0.593,0.886,0.41,0.0993,0.115,-13.097,0.0531,122.584,0.201,68
77.0,Overdrive,"Honestly, Nevermind",2022.0,0.502,0.444,0.645,0.00964,0.107,-10.611,0.122,109.739,0.518,60
78.0,Down Hill,"Honestly, Nevermind",2022.0,0.718,0.965,0.319,0.00036,0.0895,-11.261,0.0435,109.994,0.639,57
79.0,Tie That Binds,"Honestly, Nevermind",2022.0,0.775,0.0176,0.688,0.0917,0.108,-10.912,0.0593,120.017,0.284,59
80.0,Liability,"Honestly, Nevermind",2022.0,0.557,0.268,0.706,0.0,0.132,-6.592,0.0649,105.013,0.582,61
81.0,Jimmy Cooks (feat. 21 Savage),"Honestly, Nevermind",2022.0,0.529,0.000307,0.673,2.41e-06,0.093,-4.711,0.175,165.921,0.366,89
82.0,Champagne Poetry,Certified Lover Boy,2021.0,0.423,0.758,0.667,0.0,0.246,-7.012,0.326,86.743,0.496,78
83.0,Papi’s Home,Certified Lover Boy,2021.0,0.701,0.112,0.741,0.0,0.699,-6.157,0.313,140.177,0.588,70
84.0,Girls Want Girls (with Lil Baby),Certified Lover Boy,2021.0,0.767,0.181,0.438,0.0,0.142,-8.726,0.29,86.975,0.381,78
85.0,In The Bible (with Lil Durk & Giveon),Certified Lover Boy,2021.0,0.686,0.614,0.385,0.0,0.131,-8.35,0.297,143.07,0.147,69
86.0,Love All (with JAY-Z),Certified Lover Boy,2021.0,0.73,0.354,0.576,3.59e-05,0.15,-5.442,0.287,92.131,0.155,72
87.0,Fair Trade (with Travis Scott),Certified Lover Boy,2021.0,0.666,0.0503,0.465,0.0,0.215,-8.545,0.26,167.937,0.292,86
88.0,Way 2 Sexy (with Future & Young Thug),Certified Lover Boy,2021.0,0.803,0.000619,0.597,4.5e-06,0.323,-6.035,0.141,136.008,0.331,77
89.0,TSU,Certified Lover Boy,2021.0,0.568,0.228,0.56,3.05e-06,0.39,-9.059,0.42,130.019,0.246,75
90.0,N 2 Deep,Certified Lover Boy,2021.0,0.507,0.0518,0.429,0.0,0.109,-7.726,0.326,91.0,0.0744,70
91.0,Pipe Down,Certified Lover Boy,2021.0,0.518,0.128,0.69,0.0,0.176,-6.15,0.107,77.837,0.59,75
92.0,Yebba’s Heartbreak,Certified Lover Boy,2021.0,0.476,0.967,0.161,0.0381,0.109,-11.665,0.0407,119.614,0.0908,82
93.0,No Friends In The Industry,Certified Lover Boy,2021.0,0.84,0.0181,0.744,0.0,0.629,-4.751,0.113,83.737,0.171,73
94.0,Knife Talk (with 21 Savage ft. Project Pat),Certified Lover Boy,2021.0,0.849,0.0635,0.424,0.0,0.0834,-9.579,0.324,145.887,0.153,83
95.0,7am On Bridle Path,Certified Lover Boy,2021.0,0.724,0.225,0.531,0.0,0.11,-4.108,0.298,89.901,0.141,64
96.0,Race My Mind,Certified Lover Boy,2021.0,0.488,0.179,0.635,8.16e-06,0.156,-7.19,0.26,174.072,0.783,69
97.0,Fountains (with Tems),Certified Lover Boy,2021.0,0.843,0.181,0.485,0.0675,0.107,-8.735,0.195,100.053,0.689,73
98.0,Get Along Better,Certified Lover Boy,2021.0,0.32,0.00645,0.466,0.0,0.133,-6.77,0.0374,177.693,0.338,72
99.0,You Only Live Twice (with Lil Wayne & Rick Ross),Certified Lover Boy,2021.0,0.519,0.118,0.851,0.0,0.178,-6.001,0.29,123.823,0.711,66
100.0,IMY2 (with Kid Cudi),Certified Lover Boy,2021.0,0.59,0.402,0.493,0.00504,0.129,-8.704,0.0367,150.026,0.0498,68
101.0,F*****g Fans,Certified Lover Boy,2021.0,0.783,0.213,0.416,0.0,0.103,-9.84,0.135,87.073,0.165,66
102.0,The Remorse,Certified Lover Boy,2021.0,0.473,0.812,0.53,6.92e-06,0.227,-8.506,0.249,74.732,0.637,61
103.0,Deep Pockets,Dark Lane Demo Tapes,2020.0,0.473,0.482,0.824,0.0,0.605,-3.68,0.163,77.888,0.374,58
104.0,When To Say When,Dark Lane Demo Tapes,2020.0,0.41,0.252,0.82,0.0,0.538,-6.808,0.533,170.718,0.526,61
105.0,Chicago Freestyle (feat. Giveon),Dark Lane Demo Tapes,2020.0,0.735,0.629,0.449,0.0,0.113,-7.507,0.347,122.947,0.0397,82
106.0,Not You Too (feat. Chris Brown),Dark Lane Demo Tapes,2020.0,0.458,0.342,0.452,1.94e-05,0.0703,-9.299,0.047,86.318,0.316,79
107.0,Toosie Slide,Dark Lane Demo Tapes,2020.0,0.83,0.289,0.49,3.04e-06,0.113,-8.82,0.209,81.604,0.845,71
108.0,Desires (with Future),Dark Lane Demo Tapes,2020.0,0.812,0.281,0.506,0.0,0.325,-7.706,0.116,145.074,0.554,67
109.0,Time Flies,Dark Lane Demo Tapes,2020.0,0.864,0.201,0.477,0.0,0.182,-5.786,0.224,86.46,0.5,79
110.0,Landed,Dark Lane Demo Tapes,2020.0,0.881,0.00606,0.636,0.0,0.111,-4.629,0.287,163.949,0.715,61
111.0,D4L,Dark Lane Demo Tapes,2020.0,0.718,0.0128,0.706,0.0,0.352,-5.709,0.06,170.004,0.815,61
112.0,Pain 1993 (with Playboi Carti),Dark Lane Demo Tapes,2020.0,0.825,0.163,0.373,0.0,0.368,-5.532,0.108,77.271,0.12,80
113.0,Losses,Dark Lane Demo Tapes,2020.0,0.551,0.28,0.57,0.0,0.424,-7.385,0.351,85.687,0.505,59
114.0,From Florida With Love,Dark Lane Demo Tapes,2020.0,0.787,0.768,0.477,0.0,0.104,-7.837,0.199,80.506,0.476,63
115.0,Demons (feat. Fivio Foreign & Sosa Geek),Dark Lane Demo Tapes,2020.0,0.543,0.423,0.766,0.0,0.155,-3.387,0.343,106.869,0.729,62
116.0,War,Dark Lane Demo Tapes,2020.0,0.749,0.292,0.792,0.0,0.109,-4.151,0.0826,144.064,0.239,65
117.0,Dreams Money Can Buy,Care Package,2019.0,0.423,0.765,0.587,0.0,0.114,-6.635,0.529,180.331,0.33,58
118.0,The Motion,Care Package,2019.0,0.631,0.371,0.788,0.000317,0.108,-7.142,0.102,157.769,0.544,64
119.0,How Bout Now,Care Package,2019.0,0.789,0.205,0.404,0.0,0.219,-8.364,0.23,122.062,0.472,68
120.0,Trust Issues,Care Package,2019.0,0.421,0.779,0.539,0.0,0.111,-5.456,0.274,89.177,0.523,83
121.0,Days in The East,Care Package,2019.0,0.733,0.348,0.361,0.000285,0.0942,-11.129,0.135,94.902,0.0361,57
122.0,Draft Day,Care Package,2019.0,0.673,0.0322,0.81,0.0,0.133,-3.793,0.36,166.084,0.564,54
123.0,4pm in Calabasas,Care Package,2019.0,0.743,0.115,0.66,0.0,0.101,-4.802,0.418,192.031,0.549,59
124.0,5 Am in Toronto,Care Package,2019.0,0.555,0.0678,0.88,0.0,0.0723,-4.325,0.265,87.195,0.391,61
125.0,I Get Lonely,Care Package,2019.0,0.477,0.706,0.501,5.61e-06,0.0953,-9.178,0.0398,81.376,0.689,57
126.0,My Side,Care Package,2019.0,0.549,0.603,0.495,7.26e-06,0.0979,-5.661,0.133,81.012,0.385,51
127.0,Jodeci Freestyle (feat. J. Cole),Care Package,2019.0,0.498,0.0111,0.844,0.0,0.102,-2.834,0.268,88.435,0.282,55
128.0,Club Paradise,Care Package,2019.0,0.338,0.758,0.729,3.24e-05,0.18,-6.419,0.102,184.174,0.543,60
129.0,Free Spirit (feat. Rick Ross),Care Package,2019.0,0.508,0.281,0.748,0.0,0.168,-4.997,0.33,100.414,0.225,57
130.0,Heat Of The Moment,Care Package,2019.0,0.641,0.179,0.454,0.000116,0.065,-8.344,0.133,78.036,0.302,49
131.0,Girls Love Beyoncé (feat. James Fauntleroy),Care Package,2019.0,0.619,0.782,0.489,0.0,0.106,-11.25,0.46,126.046,0.328,62
132.0,Paris Morton Music,Care Package,2019.0,0.505,0.414,0.494,7.98e-05,0.105,-8.635,0.315,171.978,0.141,60
133.0,Can I,Care Package,2019.0,0.643,0.484,0.178,0.0108,0.122,-8.56,0.0588,85.042,0.0674,68
134.0,Survival,Scorpion,2018.0,0.555,0.133,0.596,0.0,0.123,-9.09,0.375,77.324,0.145,62
135.0,Nonstop,Scorpion,2018.0,0.912,0.0165,0.412,0.0126,0.104,-8.074,0.123,154.983,0.423,81
136.0,Elevate,Scorpion,2018.0,0.758,0.0152,0.474,0.0,0.116,-8.72,0.147,76.061,0.0542,62
137.0,Emotionless,Scorpion,2018.0,0.414,0.0248,0.677,0.0,0.0793,-5.12,0.254,172.521,0.0853,68
138.0,God's Plan,Scorpion,2018.0,0.754,0.0332,0.449,8.29e-05,0.552,-9.211,0.109,77.169,0.357,86
139.0,I'm Upset,Scorpion,2018.0,0.899,0.279,0.586,0.0,0.0836,-7.866,0.343,150.002,0.492,69
140.0,8 Out Of 10,Scorpion,2018.0,0.527,0.161,0.689,0.0,0.498,-7.87,0.741,170.538,0.31,62
141.0,Mob Ties,Scorpion,2018.0,0.754,0.045,0.575,0.00131,0.276,-8.393,0.0682,86.009,0.491,71
142.0,Can’t Take A Joke,Scorpion,2018.0,0.761,0.126,0.598,0.0,0.0839,-7.249,0.182,173.897,0.446,70
143.0,Sandra’s Rose,Scorpion,2018.0,0.486,0.0481,0.849,0.0,0.143,-5.432,0.246,152.086,0.519,65
144.0,Talk Up (feat. Jay-Z),Scorpion,2018.0,0.758,0.00354,0.491,6.5e-06,0.292,-9.877,0.138,140.121,0.334,60
145.0,Is There More,Scorpion,2018.0,0.708,0.727,0.547,0.0,0.159,-7.607,0.314,83.8,0.549,58
146.0,Peak,Scorpion,2018.0,0.687,0.85,0.218,0.000125,0.106,-13.539,0.0388,91.991,0.269,61
147.0,Summer Games,Scorpion,2018.0,0.776,0.477,0.482,0.0456,0.11,-11.269,0.0357,136.008,0.134,61
148.0,Jaded,Scorpion,2018.0,0.764,0.037,0.271,0.0,0.175,-5.697,0.0414,116.019,0.0371,72
149.0,Nice For What,Scorpion,2018.0,0.585,0.0891,0.909,9.7e-05,0.119,-6.474,0.0707,93.372,0.758,81
150.0,Finesse,Scorpion,2018.0,0.807,0.133,0.319,0.000338,0.101,-8.152,0.0581,94.992,0.299,78
151.0,Ratchet Happy Birthday,Scorpion,2018.0,0.657,0.11,0.571,0.00123,0.0735,-12.519,0.139,167.958,0.622,56
152.0,That’s How You Feel,Scorpion,2018.0,0.85,0.117,0.473,0.0103,0.108,-5.747,0.209,85.454,0.38,66
153.0,Blue Tint,Scorpion,2018.0,0.889,0.013,0.372,0.0,0.184,-10.254,0.357,133.997,0.123,64
154.0,In My Feelings,Scorpion,2018.0,0.835,0.0589,0.626,6e-05,0.396,-5.833,0.125,91.03,0.35,77
155.0,Don’t Matter To Me (with Michael Jackson),Scorpion,2018.0,0.822,0.493,0.318,0.0128,0.11,-12.391,0.0575,102.998,0.138,71
156.0,After Dark (feat. Static Major & Ty Dolla $ign),Scorpion,2018.0,0.687,0.0407,0.429,0.0,0.142,-13.075,0.192,141.966,0.336,60
157.0,Final Fantasy,Scorpion,2018.0,0.5,0.422,0.449,7.96e-06,0.115,-10.977,0.442,144.206,0.104,58
158.0,March 14,Scorpion,2018.0,0.558,0.405,0.414,0.0,0.36,-7.355,0.358,127.094,0.318,56
159.0,Free Smoke,More Life,2017.0,0.736,0.0681,0.491,0.0,0.571,-6.892,0.439,141.979,0.203,65
160.0,No Long Talk,More Life,2017.0,0.913,0.0671,0.608,0.0,0.533,-6.839,0.234,97.063,0.578,60
161.0,Passionfruit,More Life,2017.0,0.809,0.256,0.463,0.085,0.109,-11.377,0.0396,111.98,0.364,86
162.0,Jorja Interlude,More Life,2017.0,0.735,0.762,0.373,0.00202,0.288,-10.478,0.104,123.081,0.237,67
163.0,Get It Together,More Life,2017.0,0.781,0.0945,0.721,0.391,0.104,-9.133,0.0514,123.011,0.849,72
164.0,Madiba Riddim,More Life,2017.0,0.839,0.245,0.521,0.00545,0.607,-10.45,0.166,105.992,0.33,64
165.0,Blem,More Life,2017.0,0.726,0.0533,0.535,1.38e-05,0.0984,-7.804,0.0476,98.067,0.375,65
166.0,4422,More Life,2017.0,0.609,0.558,0.229,0.0413,0.113,-12.36,0.0333,111.887,0.19,68
167.0,Gyalchester,More Life,2017.0,0.877,0.0317,0.391,0.000502,0.0945,-8.196,0.063,131.018,0.122,70
168.0,Skepta Interlude,More Life,2017.0,0.745,0.0103,0.822,4.2e-06,0.155,-6.354,0.252,86.733,0.415,59
169.0,Portland,More Life,2017.0,0.925,0.0172,0.443,0.0,0.276,-8.216,0.264,136.078,0.35,74
170.0,Sacrifices,More Life,2017.0,0.903,0.0407,0.439,0.0,0.138,-11.813,0.397,139.112,0.532,61
171.0,Nothings Into Somethings,More Life,2017.0,0.766,0.332,0.234,0.00156,0.358,-7.544,0.159,96.882,0.256,64
172.0,Teenage Fever,More Life,2017.0,0.766,0.111,0.283,0.0172,0.115,-10.33,0.0846,97.04,0.144,84
173.0,KMT,More Life,2017.0,0.875,0.0189,0.6,0.0143,0.132,-6.818,0.0435,119.987,0.0906,65
174.0,Lose You,More Life,2017.0,0.526,0.699,0.583,0.0,0.372,-9.172,0.376,89.837,0.378,64
175.0,Can't Have Everything,More Life,2017.0,0.856,0.0136,0.572,1.55e-06,0.121,-8.429,0.373,82.445,0.454,60
176.0,Glow,More Life,2017.0,0.688,0.2,0.384,0.0,0.708,-8.824,0.375,162.098,0.432,58
177.0,Since Way Back,More Life,2017.0,0.468,0.348,0.266,9.55e-06,0.209,-11.121,0.13,153.294,0.222,62
178.0,Fake Love,More Life,2017.0,0.928,0.105,0.481,0.0,0.176,-9.35,0.287,134.007,0.613,75
179.0,Ice Melts,More Life,2017.0,0.813,0.08,0.551,0.0,0.386,-7.605,0.353,124.957,0.598,59
180.0,Do Not Disturb,More Life,2017.0,0.618,0.246,0.693,0.0,0.112,-5.943,0.45,170.982,0.454,79
181.0,Keep The Family Close,Views,2016.0,0.378,0.149,0.566,0.0,0.382,-7.685,0.0482,87.691,0.196,62
182.0,9,Views,2016.0,0.68,0.000803,0.712,0.000612,0.237,-7.184,0.0453,100.009,0.0379,66
183.0,U With Me?,Views,2016.0,0.429,0.338,0.43,1.18e-05,0.138,-11.373,0.165,174.983,0.125,64
184.0,Feel No Ways,Views,2016.0,0.582,0.0312,0.677,6.6e-06,0.122,-7.081,0.172,193.818,0.205,78
185.0,Hype,Views,2016.0,0.787,0.0253,0.635,0.0,0.357,-8.271,0.155,130.018,0.237,62
186.0,Weston Road Flows,Views,2016.0,0.623,0.0635,0.74,0.0,0.366,-6.942,0.307,82.877,0.35,64
187.0,Redemption,Views,2016.0,0.694,0.611,0.314,2.07e-06,0.117,-7.82,0.116,119.905,0.341,69
188.0,With You,Views,2016.0,0.878,0.134,0.406,0.000234,0.112,-9.961,0.248,128.014,0.784,64
189.0,Faithful,Views,2016.0,0.536,0.11,0.449,1.49e-05,0.284,-10.499,0.103,99.889,0.171,59
190.0,Still Here,Views,2016.0,0.834,0.0258,0.433,0.0,0.633,-9.607,0.174,133.938,0.229,68
191.0,Controlla,Views,2016.0,0.59,0.0789,0.468,0.0,0.101,-11.083,0.185,92.287,0.349,74
192.0,One Dance,Views,2016.0,0.792,0.00776,0.625,0.0018,0.329,-5.609,0.0536,103.967,0.37,89
193.0,Grammys,Views,2016.0,0.676,0.00163,0.432,3.84e-06,0.0799,-9.51,0.502,145.869,0.12,60
194.0,Childs Play,Views,2016.0,0.746,0.0175,0.475,1.1e-05,0.197,-11.243,0.113,80.006,0.292,71
195.0,Pop Style,Views,2016.0,0.713,0.192,0.462,2.16e-06,0.105,-10.027,0.123,133.053,0.0594,64
196.0,Too Good,Views,2016.0,0.794,0.0489,0.653,4.88e-05,0.1,-7.839,0.104,117.996,0.397,77
197.0,Summers Over Interlude,Views,2016.0,0.699,0.405,0.255,0.00242,0.0985,-8.647,0.0303,132.031,0.242,75
198.0,Fire & Desire,Views,2016.0,0.722,0.0671,0.252,0.0,0.0852,-14.411,0.0761,79.923,0.275,73
199.0,Views,Views,2016.0,0.395,0.0657,0.852,0.0,0.262,-5.896,0.37,76.428,0.112,62
200.0,Hotline Bling,Views,2016.0,0.891,0.00258,0.628,0.00019,0.0504,-7.863,0.0551,134.966,0.552,81
201.0,Digital Dash,What A Time To Be Alive,2015.0,0.881,0.00296,0.546,4.72e-06,0.226,-7.566,0.12,140.032,0.276,64
202.0,Big Rings,What A Time To Be Alive,2015.0,0.776,0.00196,0.675,0.0,0.227,-6.224,0.266,131.984,0.27,62
203.0,Live From The Gutter,What A Time To Be Alive,2015.0,0.824,0.0369,0.49,1.24e-06,0.0807,-8.391,0.429,165.948,0.307,60
204.0,Diamonds Dancing,What A Time To Be Alive,2015.0,0.51,0.125,0.358,3.74e-05,0.111,-10.847,0.0467,136.036,0.171,62
205.0,Scholarships,What A Time To Be Alive,2015.0,0.739,0.0966,0.416,1.27e-05,0.1,-9.319,0.285,109.168,0.259,63
206.0,Plastic Bag,What A Time To Be Alive,2015.0,0.845,0.0104,0.479,1.79e-06,0.157,-6.065,0.298,170.919,0.35,60
207.0,I'm The Plug,What A Time To Be Alive,2015.0,0.828,0.000379,0.55,0.0016,0.134,-9.158,0.255,160.016,0.254,58
208.0,Change Locations,What A Time To Be Alive,2015.0,0.787,0.0207,0.329,2.95e-06,0.118,-9.991,0.391,137.85,0.209,59
209.0,Jumpman,What A Time To Be Alive,2015.0,0.852,0.0559,0.553,0.0,0.332,-7.286,0.187,142.079,0.656,74
210.0,Jersey,What A Time To Be Alive,2015.0,0.758,0.513,0.526,0.000457,0.0913,-10.81,0.255,146.054,0.312,64
211.0,30 for 30 Freestyle,What A Time To Be Alive,2015.0,0.744,0.671,0.619,0.0,0.123,-9.143,0.398,89.252,0.317,58
212.0,Legend,If You're Reading This It's Too Late,2015.0,0.714,0.0266,0.563,0.0,0.0776,-7.574,0.0723,100.091,0.31,68
213.0,Energy,If You're Reading This It's Too Late,2015.0,0.747,0.38,0.571,0.0,0.534,-7.916,0.478,172.104,0.553,74
214.0,10 Bands,If You're Reading This It's Too Late,2015.0,0.825,0.265,0.756,2.15e-06,0.0762,-3.687,0.383,172.938,0.888,67
215.0,Know Yourself,If You're Reading This It's Too Late,2015.0,0.72,0.196,0.412,0.0,0.342,-8.687,0.223,114.408,0.179,70
216.0,No Tellin',If You're Reading This It's Too Late,2015.0,0.823,0.543,0.467,1.06e-06,0.135,-10.394,0.301,95.026,0.618,63
217.0,Madonna,If You're Reading This It's Too Late,2015.0,0.905,0.0149,0.492,3.77e-05,0.371,-8.598,0.0595,110.017,0.142,60
218.0,6 God,If You're Reading This It's Too Late,2015.0,0.868,0.0249,0.623,0.0,0.125,-8.595,0.101,105.446,0.498,65
219.0,Star67,If You're Reading This It's Too Late,2015.0,0.521,0.747,0.392,8.81e-06,0.198,-7.88,0.17,91.939,0.166,63
220.0,Preach,If You're Reading This It's Too Late,2015.0,0.605,0.165,0.51,8.8e-05,0.104,-8.094,0.423,65.255,0.389,69
221.0,Wednesday Night Interlude,If You're Reading This It's Too Late,2015.0,0.312,0.729,0.466,7.34e-06,0.215,-8.163,0.0509,135.44,0.195,62
222.0,Used To,If You're Reading This It's Too Late,2015.0,0.926,0.0703,0.427,0.000337,0.0818,-7.584,0.105,96.025,0.304,61
223.0,6 Man,If You're Reading This It's Too Late,2015.0,0.568,0.217,0.535,0.0,0.114,-9.306,0.513,83.589,0.326,62
224.0,Now & Forever,If You're Reading This It's Too Late,2015.0,0.555,0.124,0.481,0.0,0.101,-7.419,0.0322,107.793,0.098,59
225.0,Company,If You're Reading This It's Too Late,2015.0,0.651,0.0403,0.55,0.0,0.165,-8.215,0.0496,107.567,0.119,65
226.0,You & The 6,If You're Reading This It's Too Late,2015.0,0.545,0.168,0.476,0.0,0.13,-7.444,0.284,154.362,0.223,62
227.0,Jungle,If You're Reading This It's Too Late,2015.0,0.697,0.62,0.235,0.000144,0.107,-8.651,0.0534,99.947,0.378,78
228.0,6PM In New York,If You're Reading This It's Too Late,2015.0,0.554,0.107,0.85,0.0,0.155,-4.155,0.251,128.429,0.383,61
229.0,Tuscan Leather,Nothing Was The Same (Deluxe),2013.0,0.597,0.115,0.679,0.0,0.231,-5.401,0.39,79.95,0.3,52
230.0,Furthest Thing,Nothing Was The Same (Deluxe),2013.0,0.484,0.147,0.78,0.0,0.057,-5.264,0.135,137.101,0.271,54
231.0,Started From the Bottom,Nothing Was The Same (Deluxe),2013.0,0.794,0.0328,0.522,0.0,0.156,-7.829,0.159,86.318,0.567,53
232.0,Wu-Tang Forever,Nothing Was The Same (Deluxe),2013.0,0.832,0.0474,0.427,0.0,0.101,-8.516,0.257,99.935,0.369,52
233.0,Own It,Nothing Was The Same (Deluxe),2013.0,0.654,0.0487,0.342,3.37e-05,0.313,-11.305,0.101,103.064,0.294,50
234.0,Worst Behavior,Nothing Was The Same (Deluxe),2013.0,0.779,0.158,0.799,0.0,0.209,-6.359,0.15,109.944,0.414,51
235.0,From Time,Nothing Was The Same (Deluxe),2013.0,0.738,0.626,0.491,0.0,0.126,-9.726,0.413,94.378,0.448,59
236.0,"Hold On, We're Going Home",Nothing Was The Same (Deluxe),2013.0,0.776,0.00415,0.413,2.68e-05,0.0724,-7.438,0.0952,100.003,0.287,61
237.0,Connect,Nothing Was The Same (Deluxe),2013.0,0.683,0.408,0.488,0.0,0.132,-9.473,0.135,75.039,0.469,49
238.0,The Language,Nothing Was The Same (Deluxe),2013.0,0.831,0.0125,0.651,0.0,0.0809,-8.363,0.437,120.064,0.502,51
239.0,305 To My City,Nothing Was The Same (Deluxe),2013.0,0.419,0.0567,0.494,0.0,0.144,-8.782,0.345,67.622,0.134,46
240.0,Too Much,Nothing Was The Same (Deluxe),2013.0,0.637,0.173,0.569,0.0,0.18,-5.858,0.55,140.269,0.148,54
241.0,Pound Cake / Paris Morton Music 2,Nothing Was The Same (Deluxe),2013.0,0.521,0.139,0.762,1.11e-05,0.114,-6.75,0.534,164.289,0.264,54
242.0,Come Thru,Nothing Was The Same (Deluxe),2013.0,0.558,0.159,0.468,0.0,0.586,-5.812,0.173,81.977,0.405,64
243.0,All Me,Nothing Was The Same (Deluxe),2013.0,0.67,0.0705,0.515,0.0,0.25,-6.977,0.397,122.006,0.422,67
244.0,Tuscan Leather,Nothing Was The Same,2013.0,0.522,0.114,0.679,0.0,0.231,-5.401,0.405,79.849,0.296,58
245.0,Furthest Thing,Nothing Was The Same,2013.0,0.484,0.147,0.78,0.0,0.0572,-5.264,0.135,137.105,0.271,61
246.0,Started From the Bottom,Nothing Was The Same,2013.0,0.793,0.0319,0.524,0.0,0.156,-7.827,0.156,86.325,0.579,69
247.0,Wu-Tang Forever,Nothing Was The Same,2013.0,0.836,0.0474,0.427,0.0,0.101,-8.516,0.27,99.912,0.368,60
248.0,Own It,Nothing Was The Same,2013.0,0.653,0.0481,0.341,3.51e-05,0.312,-11.305,0.102,103.061,0.292,55
249.0,Worst Behavior,Nothing Was The Same,2013.0,0.78,0.158,0.799,0.0,0.209,-6.359,0.15,109.944,0.414,60
250.0,From Time,Nothing Was The Same,2013.0,0.739,0.626,0.491,0.0,0.126,-9.726,0.413,94.391,0.448,72
251.0,"Hold On, We're Going Home",Nothing Was The Same,2013.0,0.777,0.00421,0.414,2.73e-05,0.0724,-7.44,0.0946,100.002,0.287,75
252.0,Connect,Nothing Was The Same,2013.0,0.683,0.406,0.49,0.0,0.132,-9.469,0.135,75.03,0.465,54
253.0,The Language,Nothing Was The Same,2013.0,0.831,0.0125,0.651,0.0,0.0809,-8.363,0.437,120.065,0.502,57
254.0,305 To My City,Nothing Was The Same,2013.0,0.419,0.056,0.495,0.0,0.144,-8.781,0.348,67.622,0.132,50
255.0,Too Much,Nothing Was The Same,2013.0,0.681,0.173,0.569,0.0,0.18,-5.859,0.546,140.532,0.147,63
256.0,Pound Cake / Paris Morton Music 2,Nothing Was The Same,2013.0,0.52,0.139,0.761,1.13e-05,0.114,-6.75,0.536,164.083,0.264,65
257.0,Over My Dead Body,Take Care (Deluxe),2011.0,0.489,0.759,0.57,2.1e-06,0.179,-10.291,0.306,185.516,0.584,67
258.0,Shot For Me,Take Care (Deluxe),2011.0,0.566,0.0555,0.465,0.0,0.567,-11.714,0.235,143.015,0.177,72
259.0,Headlines,Take Care (Deluxe),2011.0,0.636,0.365,0.566,0.000353,0.0917,-7.16,0.106,151.894,0.425,81
260.0,Crew Love,Take Care (Deluxe),2011.0,0.418,0.227,0.546,0.0,0.229,-9.057,0.238,160.152,0.294,74
261.0,Take Care,Take Care (Deluxe),2011.0,0.629,0.0267,0.515,1.22e-05,0.0888,-10.358,0.265,121.845,0.299,79
262.0,Marvins Room,Take Care (Deluxe),2011.0,0.492,0.646,0.26,0.00178,0.0705,-17.341,0.0921,111.519,0.312,78
263.0,Buried Alive Interlude,Take Care (Deluxe),2011.0,0.711,0.412,0.543,0.0,0.505,-12.692,0.112,102.01,0.801,61
264.0,Under Ground Kings,Take Care (Deluxe),2011.0,0.487,5.2e-05,0.712,0.0,0.198,-7.323,0.27,156.209,0.397,63
265.0,We'll Be Fine,Take Care (Deluxe),2011.0,0.386,0.00171,0.488,0.0,0.64,-7.303,0.422,193.397,0.217,60
266.0,Make Me Proud,Take Care (Deluxe),2011.0,0.684,0.00268,0.486,0.000148,0.157,-10.155,0.132,131.913,0.355,70
267.0,Lord Knows,Take Care (Deluxe),2011.0,0.417,0.0786,0.887,0.0,0.834,-5.551,0.367,167.579,0.303,66
268.0,Cameras / Good Ones Go Interlude - Medley,Take Care (Deluxe),2011.0,0.441,0.255,0.403,1.27e-05,0.13,-11.18,0.147,139.92,0.158,78
269.0,Doing It Wrong,Take Care (Deluxe),2011.0,0.397,0.841,0.172,6.78e-05,0.108,-15.698,0.0445,101.275,0.123,73
270.0,The Real Her,Take Care (Deluxe),2011.0,0.567,0.166,0.309,0.0,0.12,-14.254,0.385,65.041,0.509,64
271.0,Look What You've Done,Take Care (Deluxe),2011.0,0.495,0.485,0.351,0.0,0.0967,-14.669,0.34,134.369,0.271,72
272.0,HYFR (Hell Ya Fucking Right),Take Care (Deluxe),2011.0,0.444,0.123,0.627,0.0,0.0795,-8.744,0.252,98.21,0.359,73
273.0,Practice,Take Care (Deluxe),2011.0,0.446,0.574,0.239,7.76e-05,0.12,-15.327,0.0876,104.675,0.31,73
274.0,The Ride,Take Care (Deluxe),2011.0,0.556,0.517,0.702,0.0,0.343,-10.079,0.205,155.948,0.793,62
275.0,The Motto,Take Care (Deluxe),2011.0,0.766,0.000107,0.442,6.12e-05,0.111,-8.558,0.356,201.8,0.39,77
276.0,Fireworks,Thank Me Later,2010.0,0.55,0.433,0.758,0.0,0.162,-6.472,0.347,89.368,0.53,56
277.0,Karaoke,Thank Me Later,2010.0,0.758,0.00879,0.654,0.0258,0.0797,-7.097,0.116,151.008,0.949,53
278.0,The Resistance,Thank Me Later,2010.0,0.547,0.822,0.741,0.0,0.117,-8.127,0.163,82.589,0.637,63
279.0,Over,Thank Me Later,2010.0,0.35,0.0107,0.845,0.0,0.123,-5.614,0.2,99.643,0.45,72
280.0,Show Me A Good Time,Thank Me Later,2010.0,0.667,0.0386,0.734,0.0,0.108,-6.064,0.119,128.318,0.704,57
281.0,Up All Night,Thank Me Later,2010.0,0.606,0.00782,0.811,1.49e-05,0.349,-4.667,0.278,156.347,0.276,67
282.0,Fancy,Thank Me Later,2010.0,0.53,0.332,0.884,1.98e-06,0.355,-5.581,0.457,87.194,0.28,74
283.0,Shut It Down,Thank Me Later,2010.0,0.59,0.411,0.434,0.0,0.0979,-9.298,0.069,119.905,0.399,59
284.0,Unforgettable,Thank Me Later,2010.0,0.546,0.103,0.87,0.0,0.111,-5.107,0.114,156.145,0.071,58
285.0,Light Up,Thank Me Later,2010.0,0.472,0.0936,0.908,0.0,0.15,-5.991,0.45,172.924,0.198,53
286.0,Miss Me,Thank Me Later,2010.0,0.426,0.0813,0.862,0.0,0.34,-5.979,0.597,100.3,0.332,62
287.0,Cece's Interlude,Thank Me Later,2010.0,0.473,0.0549,0.603,6.25e-06,0.115,-6.875,0.0319,94.984,0.234,48
288.0,Find Your Love,Thank Me Later,2010.0,0.627,0.0211,0.614,0.0,0.0286,-6.006,0.17,96.038,0.758,69
289.0,Thank Me Now,Thank Me Later,2010.0,0.495,0.282,0.772,0.0,0.119,-4.851,0.425,71.295,0.748,51
290.0,Lust For Life,So Far Gone,2009.0,0.462,0.939,0.422,0.0327,0.108,-10.381,0.175,87.364,0.0853,54
291.0,Houstatlantavegas,So Far Gone,2009.0,0.683,0.393,0.695,0.00124,0.124,-6.798,0.0574,135.337,0.406,61
292.0,Successful (feat. Trey Songz & Lil Wayne),So Far Gone,2009.0,0.562,0.536,0.544,0.0,0.17,-5.065,0.369,159.517,0.231,61
293.0,Let’s Call It Off (feat. Peter Bjorn and John),So Far Gone,2009.0,0.79,0.00427,0.731,0.29,0.157,-4.607,0.0327,127.403,0.938,54
294.0,November 18th,So Far Gone,2009.0,0.749,0.579,0.476,0.0,0.1,-11.147,0.507,71.937,0.534,63
295.0,Ignant Shit (feat. Lil Wayne),So Far Gone,2009.0,0.591,0.186,0.846,0.0,0.463,-3.687,0.276,94.795,0.121,58
296.0,A Night Off (feat. Lloyd),So Far Gone,2009.0,0.611,0.374,0.508,3.87e-06,0.168,-5.573,0.0741,103.612,0.368,53
297.0,Say What's Real,So Far Gone,2009.0,0.462,0.632,0.773,0.0,0.212,-5.375,0.288,86.157,0.455,52
298.0,Little Bit (feat. Lykke Li),So Far Gone,2009.0,0.758,0.0999,0.888,0.0336,0.661,-4.899,0.0374,120.392,0.771,73
299.0,Best I Ever Had,So Far Gone,2009.0,0.395,0.19,0.922,0.0,0.134,-2.176,0.375,162.361,0.558,80
300.0,Unstoppable (feat. Santigold & Lil Wayne),So Far Gone,2009.0,0.774,0.165,0.912,0.0,0.745,-2.787,0.347,150.083,0.821,48
301.0,Uptown (feat. Bun B & Lil Wayne),So Far Gone,2009.0,0.416,0.00391,0.824,0.0,0.104,-3.075,0.343,85.433,0.417,61
302.0,Sooner Than Later,So Far Gone,2009.0,0.616,0.178,0.501,1.2e-05,0.105,-5.722,0.24,94.554,0.506,54
303.0,Bria's Interlude (feat. Omarion),So Far Gone,2009.0,0.49,0.209,0.507,0.00104,0.119,-6.205,0.0849,147.037,0.237,65
304.0,The Calm,So Far Gone,2009.0,0.471,0.819,0.784,1.13e-05,0.107,-8.25,0.883,160.833,0.258,50
305.0,Outro (feat. Chilly Gonzales),So Far Gone,2009.0,0.397,0.988,0.0906,0.856,0.344,-21.655,0.054,185.167,0.136,45
306.0,Brand New,So Far Gone,2009.0,0.399,0.631,0.491,0.0,0.171,-8.992,0.0714,94.542,0.356,55
307.0,Congratulations,So Far Gone,2009.0,0.333,0.0185,0.859,0.0,0.22,-2.286,0.148,86.882,0.125,50
